"Apertium individual as object in a triple,""Property to use with lexical entry as subject",,,,
"(not necessarily pos)"",""Lexinfo individual OR Apertium individual OR blank node",,,,
"as object"",Abbreviation for URI,Comments",,,,
apertium::0,lexinfo:morphosyntacticProperty,apertium::0,,
apertium::1,lexinfo:morphosyntacticProperty,apertium::1,,
apertium::2,lexinfo:morphosyntacticProperty,apertium::2,,
apertium::3,lexinfo:morphosyntacticProperty,apertium::3,,
apertium::4,lexinfo:morphosyntacticProperty,apertium::4,,
apertium::5,lexinfo:morphosyntacticProperty,apertium::5,,
apertium:A,lexinfo:partOfSpeech,lexinfo:adjective,adj,
apertium:a1,lexinfo:morphosyntacticProperty,apertium:a1,,
apertium:A1,lexinfo:morphosyntacticProperty,apertium:A1,,
apertium:A2,lexinfo:morphosyntacticProperty,apertium:A2,,
apertium:A3,lexinfo:morphosyntacticProperty,apertium:A3,,
apertium:A4,lexinfo:morphosyntacticProperty,apertium:A4,,
apertium:A5,lexinfo:morphosyntacticProperty,apertium:A5,,
apertium:aa,lexinfo:animacy,apertium:aa,,
apertium:aa,lexinfo:animacy,lexinfo:animate,,
apertium:abb,lexinfo:termType,lexinfo:abbreviation,,
apertium:abbr,lexinfo:termType,lexinfo:abbreviation,,
apertium:ABBR,lexinfo:termType,lexinfo:abbreviation,,
apertium:abe, lexinfo:case, lexinfo:abessiveCase,,
apertium:ABL,lexinfo:case,lexinfo:ablativeCase,,
apertium:abl,lexinfo:case,lexinfo:ablativeCase,,
apertium:ABS,lexinfo:morphosyntacticProperty,apertium:ABS,,
apertium:ABU,lexinfo:morphosyntacticProperty,apertium:ABU,,
apertium:ABZ,lexinfo:morphosyntacticProperty,apertium:ABZ,,
apertium:ac,lexinfo:morphosyntacticProperty,apertium:ac,,
apertium:acc,lexinfo:case,lexinfo:accusativeCase,,
apertium:Acc,lexinfo:case,lexinfo:accusativeCase,,
apertium:acr,lexinfo:termType,lexinfo:acronym,,
apertium:ACR,lexinfo:termType,lexinfo:acronym,,
apertium:actio,lexinfo:morphosyntacticProperty,apertium:actio,,
apertium:Actio,lexinfo:morphosyntacticProperty,apertium:Actio,,
apertium:Actor,lexinfo:morphosyntacticProperty,apertium:Actor,,
apertium:actv,lexinfo:voice,lexinfo:activeVoice,,
apertium:AD,lexinfo:morphosyntacticProperty,apertium:AD,,
apertium:ADB,lexinfo:morphosyntacticProperty,apertium:ADB,,
apertium:add_comp,lexinfo:degree,lexinfo:comparative,,
apertium:add_ela,lexinfo:case,lexinfo:elativeCase,,
apertium:add_sup,lexinfo:degree,lexinfo:superlative,,
apertium:ade, lexinfo:case, lexinfo:adessiveCase,,
apertium:ADI,lexinfo:morphosyntacticProperty,apertium:ADI,,
apertium:ADIZE,lexinfo:morphosyntacticProperty,apertium:ADIZE,,
apertium:adj,lexinfo:partOfSpeech,lexinfo:adjective,adj,
apertium:ADJ,lexinfo:partOfSpeech,lexinfo:adjective,adj,
apertium:adjant,lexinfo:morphosyntacticProperty,apertium:adjant,,
apertium:ADL,lexinfo:morphosyntacticProperty,apertium:ADL,,
apertium:ADOARR,lexinfo:morphosyntacticProperty,apertium:ADOARR,,
apertium:ADOGAL,lexinfo:morphosyntacticProperty,apertium:ADOGAL,,
apertium:ADOIN,lexinfo:morphosyntacticProperty,apertium:ADOIN,,
apertium:Adp,lexinfo:partOfSpeech,lexinfo:adposition,adp,
apertium:ADP,lexinfo:partOfSpeech,lexinfo:adposition,adp,
apertium:ADT,lexinfo:morphosyntacticProperty,apertium:ADT,,
apertium:adv,lexinfo:partOfSpeech,lexinfo:adverb,adv,
apertium:Adv,lexinfo:partOfSpeech,lexinfo:adverb,adv,
apertium:advl,lexinfo:morphosyntacticProperty,apertium:advl,,
apertium:aff,lexinfo:morphosyntacticProperty,apertium:aff,,
apertium:agnt,lexinfo:morphosyntacticProperty,apertium:agnt,,
apertium:agnt,lexinfo:partOfSpeech,lexinfo:noun,noun,
apertium:al,lexinfo:morphosyntacticProperty,apertium:al,,
apertium:al,lexinfo:partOfSpeech,lexinfo:properNoun,propn,
apertium:ALA,lexinfo:morphosyntacticProperty,apertium:ALA,,
apertium:ALGARR,lexinfo:morphosyntacticProperty,apertium:ALGARR,,
apertium:ALGGAL,lexinfo:morphosyntacticProperty,apertium:ALGGAL,,
apertium:all,lexinfo:case,lexinfo:allativeCase,,
apertium:alpha,lexinfo:morphosyntacticProperty,apertium:alpha,,
apertium:AMM,lexinfo:morphosyntacticProperty,apertium:AMM,,
apertium:an,lexinfo:morphosyntacticProperty,apertium:an,,
apertium:an,lexinfo:animacy,lexinfo:animate,,
apertium:an,lexinfo:animacy,lexinfo:inanimate,,
apertium:Ani,lexinfo:morphosyntacticProperty,apertium:Ani,,
apertium:ant,lexinfo:morphosyntacticProperty,apertium:ant,,
apertium:ant,lexinfo:partOfSpeech,lexinfo:properNoun,propn,
apertium:aor,lexinfo:morphosyntacticProperty,apertium:aor,,
apertium:aor,lexinfo:tense,lexinfo:past,,
apertium:apos,lexinfo:morphosyntacticProperty,apertium:apos,,
apertium:apos,lexinfo:partOfSpeech,lexinfo:punctuation,punct,
apertium:arabian,lexinfo:morphosyntacticProperty,apertium:arabian,,
apertium:ARR,lexinfo:morphosyntacticProperty,apertium:ARR,,
apertium:art,lexinfo:partOfSpeech,lexinfo:article,det,
apertium:ASP,lexinfo:morphosyntacticProperty,apertium:ASP,,
apertium:atn,lexinfo:morphosyntacticProperty,apertium:atn,,
apertium:atn,lexinfo:partOfSpeech,lexinfo:pronoun,,
apertium:atp,lexinfo:termElement,lexinfo:prefix,,
apertium:attr,lexinfo:morphosyntacticProperty,apertium:attr,,
apertium:Attr,lexinfo:morphosyntacticProperty,apertium:Attr,,
apertium:ATZ,lexinfo:morphosyntacticProperty,apertium:ATZ,,
apertium:AUR,lexinfo:morphosyntacticProperty,apertium:AUR,,
apertium:AURK,lexinfo:morphosyntacticProperty,apertium:AURK,,
apertium:auxser,lexinfo:morphosyntacticProperty,apertium:auxser,,
apertium:B1,lexinfo:morphosyntacticProperty,apertium:B1,,
apertium:B2,lexinfo:morphosyntacticProperty,apertium:B2,,
apertium:B3,lexinfo:morphosyntacticProperty,apertium:B3,,
apertium:B4,lexinfo:morphosyntacticProperty,apertium:B4,,
apertium:B5A,lexinfo:morphosyntacticProperty,apertium:B5A,,
apertium:B5B,lexinfo:morphosyntacticProperty,apertium:B5B,,
apertium:B6,lexinfo:morphosyntacticProperty,apertium:B6,,
apertium:B7,lexinfo:morphosyntacticProperty,apertium:B7,,
apertium:B8,lexinfo:morphosyntacticProperty,apertium:B8,,
apertium:bald,lexinfo:morphosyntacticProperty,apertium:bald,,
apertium:BALD,lexinfo:morphosyntacticProperty,apertium:BALD,,
apertium:BAN,lexinfo:morphosyntacticProperty,apertium:BAN,,
apertium:bast,lexinfo:morphosyntacticProperty,apertium:bast,,
apertium:ber,lexinfo:morphosyntacticProperty,apertium:ber,,
apertium:ber-an,lexinfo:morphosyntacticProperty,apertium:ber-an,,
apertium:ber-kan,lexinfo:morphosyntacticProperty,apertium:ber-kan,,
apertium:BNK,lexinfo:morphosyntacticProperty,apertium:BNK,,
apertium:BST,lexinfo:morphosyntacticProperty,apertium:BST,,
apertium:BURU,lexinfo:morphosyntacticProperty,apertium:BURU,,
apertium:card,lexinfo:morphosyntacticProperty,apertium:card,,
apertium:cas,lexinfo:morphosyntacticProperty,apertium:cas,,
apertium:caus,lexinfo:case,lexinfo:causativeCase,,
apertium:caus,lexinfo:voice, apertium:caus,,
apertium:CC,lexinfo:partOfSpeech,lexinfo:coordinatingConjunction,conj,
apertium:CD,lexinfo:morphosyntacticProperty,apertium:CD,,
apertium:cgguess,lexinfo:morphosyntacticProperty,apertium:cgguess,,
apertium:cip,lexinfo:morphosyntacticProperty,apertium:cip,,
apertium:cit,lexinfo:morphosyntacticProperty,apertium:cit,,
apertium:clb,lexinfo:morphosyntacticProperty,apertium:clb,,
apertium:clb,lexinfo:partOfSpeech,lexinfo:punctuation,punct,
apertium:CLB,lexinfo:morphosyntacticProperty,apertium:CLB,,
apertium:CLB,lexinfo:partOfSpeech,lexinfo:punctuation,punct,
apertium:clt,lexinfo:morphosyntacticProperty,apertium:clt,,
apertium:clt,lexinfo:termType,lexinfo:bound,,
apertium:cm,lexinfo:partOfSpeech,lexinfo:comma,punct,
apertium:cmp,lexinfo:termType,lexinfo:compound,,
apertium:cmp,lexinfo:morphosyntacticProperty,apertium:cmp,,
apertium:Cmp,lexinfo:termType,lexinfo:compound,,
apertium:Cmp,lexinfo:morphosyntacticProperty,apertium:Cmp,,
apertium:cni,lexinfo:verbFormMood,lexinfo:conditional,,
apertium:cnj,lexinfo:partOfSpeech,lexinfo:conjunction,conj,
apertium:cnjadv,lexinfo:morphosyntacticProperty,apertium:cnjadv,,
apertium:cnjadv,lexinfo:partOfSpeech, lexinfo:adverb, adv,
apertium:cnjadv,lexinfo:partOfSpeech, lexinfo:subordinatingConjunction, sconj,
apertium:cnjcoo,lexinfo:partOfSpeech,lexinfo:coordinatingConjunction,cconj,
apertium:cnjloc,lexinfo:morphosyntacticProperty,apertium:cnjloc,,
apertium:cnjsub,lexinfo:partOfSpeech,lexinfo:subordinatingConjunction,sconj,
apertium:cns,lexinfo:morphosyntacticProperty,apertium:cns,,
apertium:cnt,lexinfo:morphosyntacticProperty,apertium:cnt,,
apertium:cog,lexinfo:partOfSpeech,lexinfo:properNoun,propn,
apertium:cog,lexinfo:morphosyntacticProperty,apertium:cog,,
apertium:coll,lexinfo:number,lexinfo:collective,,
apertium:Coll,lexinfo:number,lexinfo:collective,,
apertium:com,lexinfo:case,lexinfo:comitativeCase,,
apertium:Com,lexinfo:morphosyntacticProperty,apertium:Com,,
apertium:comma,lexinfo:partOfSpeech,lexinfo:comma,punct,
apertium:comp,lexinfo:degree,apertium:comp,,
apertium:comp,lexinfo:degree,lexinfo:comparative,,
apertium:Comp,lexinfo:degree,apertium:Comp,,
apertium:Comp,lexinfo:degree,lexinfo:comparative,,
apertium:ComPxCPlCom,lexinfo:morphosyntacticProperty,apertium:ComPxCPlCom,,
apertium:Cond,lexinfo:morphosyntacticProperty,apertium:Cond,,
apertium:Cond,lexinfo:verbFormMood,lexinfo:conditional,,
apertium:Cond2,lexinfo:morphosyntacticProperty,apertium:Cond2,,
apertium:Cond3,lexinfo:morphosyntacticProperty,apertium:Cond3,,
apertium:conj,lexinfo:partOfSpeech,lexinfo:conjunction,conj,
apertium:ConNeg,lexinfo:morphosyntacticProperty,apertium:ConNeg,,
apertium:coop,lexinfo:morphosyntacticProperty,apertium:coop,,
apertium:cop,lexinfo:partOfSpeech,lexinfo:copula,verb,
apertium:cpd,lexinfo:morphosyntacticProperty,apertium:cpd,,
apertium:cs,lexinfo:partOfSpeech,lexinfo:subordinatingConjunction,conj,
apertium:CS,lexinfo:partOfSpeech,lexinfo:subordinatingConjunction,conj,
apertium:ct,lexinfo:number,apertium:ct,,
apertium:cuavb,lexinfo:morphosyntacticProperty,apertium:cuavb,,
apertium:dash,lexinfo:morphosyntacticProperty,apertium:dash,,
apertium:dash,lexinfo:partOfSpeech,lexinfo:punctuation,punct,
apertium:dat,lexinfo:case,lexinfo:dativeCase,,
apertium:DAT,lexinfo:morphosyntacticProperty,apertium:DAT,,
apertium:DD,lexinfo:morphosyntacticProperty,apertium:DD,,
apertium:def,lexinfo:definiteness,lexinfo:definite,,
apertium:def,lexinfo:partOfSpeech,lexinfo:pronoun,pron,
apertium:DEK,lexinfo:morphosyntacticProperty,apertium:DEK,,
apertium:dela,lexinfo:case,lexinfo:delativeCase,,
apertium:dem,lexinfo:partOfSpeech,lexinfo:demonstrativePronoun,pron,
apertium:Dem,lexinfo:partOfSpeech,lexinfo:demonstrativePronoun,pron,
apertium:DENB,lexinfo:morphosyntacticProperty,apertium:DENB,,
apertium:Der,lexinfo:morphosyntacticProperty,apertium:Der,,
apertium:Der_ahtti,lexinfo:morphosyntacticProperty,apertium:Der_ahtti,,
apertium:Der_alla,lexinfo:morphosyntacticProperty,apertium:Der_alla,,
apertium:Der_at,lexinfo:morphosyntacticProperty,apertium:Der_at,,
apertium:Der_d,lexinfo:morphosyntacticProperty,apertium:Der_d,,
apertium:Der_Dimin,lexinfo:morphosyntacticProperty,apertium:Der_Dimin,,
apertium:Der_eapmi,lexinfo:morphosyntacticProperty,apertium:Der_eapmi,,
apertium:Der_eapmi,lexinfo:partOfSpeech,lexinfo:noun,noun,
apertium:Der_goahti,lexinfo:morphosyntacticProperty,apertium:Der_goahti,,
apertium:Der_h,lexinfo:morphosyntacticProperty,apertium:Der_h,,
apertium:Der_halla,lexinfo:morphosyntacticProperty,apertium:Der_halla,,
apertium:Der_j,lexinfo:morphosyntacticProperty,apertium:Der_j,,
apertium:Der_las,lexinfo:morphosyntacticProperty,apertium:Der_las,,
apertium:Der_las,lexinfo:partOfSpeech,lexinfo:adjective,adj,
apertium:Der_muš,lexinfo:morphosyntacticProperty,apertium:Der_muš,,
apertium:Der_muš,lexinfo:partOfSpeech,lexinfo:noun,noun,
apertium:Der_PassL,lexinfo:morphosyntacticProperty,apertium:Der_PassL,,
apertium:Der_PassS,lexinfo:morphosyntacticProperty,apertium:Der_PassS,,
apertium:Der_st,lexinfo:morphosyntacticProperty,apertium:Der_st,,
apertium:Der_vuohta,lexinfo:morphosyntacticProperty,apertium:Der_vuohta,,
apertium:Der_vuohta,lexinfo:partOfSpeech,lexinfo:noun,noun,
apertium:Der1,lexinfo:morphosyntacticProperty,apertium:Der1,,
apertium:Der2,lexinfo:morphosyntacticProperty,apertium:Der2,,
apertium:Der3,lexinfo:morphosyntacticProperty,apertium:Der3,,
apertium:Der4,lexinfo:morphosyntacticProperty,apertium:Der4,,
apertium:DES,lexinfo:morphosyntacticProperty,apertium:DES,,
apertium:DESK,lexinfo:morphosyntacticProperty,apertium:DESK,,
apertium:det,lexinfo:partOfSpeech,lexinfo:determiner,det,
apertium:DET,lexinfo:partOfSpeech,lexinfo:determiner,det,
apertium:detnt,lexinfo:morphosyntacticProperty,apertium:detnt,,
apertium:detnt,lexinfo:partOfSpeech,lexinfo:determiner,det,
apertium:dg,lexinfo:morphosyntacticProperty,apertium:dg,,
apertium:dg,lexinfo:case,lexinfo:dativeCase,,
apertium:dg,lexinfo:case,lexinfo:genitiveCase,,
apertium:digit,lexinfo:morphosyntacticProperty,apertium:digit,,
apertium:dim,lexinfo:morphosyntacticProperty,apertium:dim,,
apertium:dst,lexinfo:partOfSpeech,lexinfo:demonstrativeDeterminer,det,
apertium:du,lexinfo:number,lexinfo:dual,,
apertium:Du,lexinfo:number,lexinfo:dual,,
apertium:Du1,lexinfo:number,lexinfo:dual,,
apertium:Du1,lexinfo:person,lexinfo:firstPerson,,
apertium:Du2,lexinfo:number,lexinfo:dual,,
apertium:Du2,lexinfo:person,lexinfo:secondPerson,,
apertium:Du3,lexinfo:number,lexinfo:dual,,
apertium:Du3,lexinfo:person,lexinfo:thirdPerson,,
apertium:dual,lexinfo:number,apertium:dual,,
apertium:DZG,lexinfo:morphosyntacticProperty,apertium:DZG,,
apertium:DZH,lexinfo:morphosyntacticProperty,apertium:DZH,,
apertium:ea,lexinfo:morphosyntacticProperty,apertium:ea,,
apertium:EGI,lexinfo:morphosyntacticProperty,apertium:EGI,,
apertium:ela,lexinfo:case,lexinfo:elativeCase,,
apertium:ELI,lexinfo:morphosyntacticProperty,apertium:ELI,,
apertium:ELK,lexinfo:morphosyntacticProperty,apertium:ELK,,
apertium:email,lexinfo:morphosyntacticProperty,apertium:email,,
apertium:emails,lexinfo:morphosyntacticProperty,apertium:emails,,
apertium:EMEN,lexinfo:morphosyntacticProperty,apertium:EMEN,,
apertium:emph,lexinfo:morphosyntacticProperty,apertium:emph,,
apertium:emph,lexinfo:partOfSpeech,lexinfo:particle,part,
apertium:enc,lexinfo:morphosyntacticProperty,apertium:enc,,
apertium:enc,lexinfo:cliticness,lexinfo:bound,,
apertium:ep-e,lexinfo:morphosyntacticProperty,apertium:ep-e,,
apertium:ep-Ø,lexinfo:morphosyntacticProperty,apertium:ep-Ø,,
apertium:ep-s,lexinfo:morphosyntacticProperty,apertium:ep-s,,
apertium:ep-s,lexinfo:morphosyntacticProperty,apertium:ep-s,,
apertium:erg,lexinfo:case,lexinfo:ergativeCase,,
apertium:ERG,lexinfo:case,lexinfo:ergativeCase,,
apertium:ERKARR,lexinfo:morphosyntacticProperty,apertium:ERKARR,,
apertium:ERKIND,lexinfo:morphosyntacticProperty,apertium:ERKIND,,
apertium:ERL,lexinfo:morphosyntacticProperty,apertium:ERL,,
apertium:ERLT,lexinfo:morphosyntacticProperty,apertium:ERLT,,
apertium:ERROR,lexinfo:morphosyntacticProperty,apertium:ERROR,,
apertium:ESPL,lexinfo:morphosyntacticProperty,apertium:ESPL,,
apertium:ess,lexinfo:case,lexinfo:essiveCase,,
apertium:Ess,lexinfo:case,lexinfo:essiveCase,,
apertium:excl,lexinfo:morphosyntacticProperty,apertium:excl,,
apertium:exp,lexinfo:morphosyntacticProperty,apertium:exp,,
apertium:expr,lexinfo:morphosyntacticProperty,apertium:expr,,
apertium:EZBU,lexinfo:morphosyntacticProperty,apertium:EZBU,,
apertium:f,lexinfo:gender,lexinfo:feminine,,
apertium:FAK,lexinfo:morphosyntacticProperty,apertium:FAK,,
apertium:fam,lexinfo:morphosyntacticProperty,apertium:fam,,
apertium:Fem,lexinfo:gender,lexinfo:feminine,,
apertium:fixedcase,lexinfo:morphosyntacticProperty,apertium:fixedcase,,
apertium:fn,lexinfo:gender,lexinfo:feminine,,
apertium:fn,lexinfo:gender,lexinfo:neuter,,
apertium:frm,lexinfo:morphosyntacticProperty,apertium:frm,,
apertium:fti,lexinfo:tense,lexinfo:future,,
apertium:fti,lexinfo:mood,lexinfo:indicative,,
apertium:fts,lexinfo:tense,lexinfo:future,,
apertium:fts,lexinfo:mood,lexinfo:subjunctive,,
apertium:fut,lexinfo:morphosyntacticProperty,apertium:fut,,
apertium:fut,lexinfo:tense,lexinfo:future,,
apertium:fut2,lexinfo:morphosyntacticProperty,apertium:fut2,,
apertium:fut2,lexinfo:tense,lexinfo:future,,
apertium:futI,lexinfo:morphosyntacticProperty,apertium:futI,,
apertium:futI,lexinfo:tense,lexinfo:future,,
apertium:G3,lexinfo:morphosyntacticProperty,apertium:G3,,
apertium:G3,lexinfo:partOfSpeech,lexinfo:noun,noun,
apertium:GABE,lexinfo:morphosyntacticProperty,apertium:GABE,,
apertium:GAN,lexinfo:morphosyntacticProperty,apertium:GAN,,
apertium:GD,lexinfo:gender,apertium:GD,,
apertium:GD_pers,lexinfo:morphosyntacticProperty,apertium:GD_pers,,
apertium:GEHI,lexinfo:morphosyntacticProperty,apertium:GEHI,,
apertium:GEL,lexinfo:morphosyntacticProperty,apertium:GEL,,
apertium:gen,lexinfo:case,lexinfo:genitiveCase,,
apertium:Gen,lexinfo:case,lexinfo:genitiveCase,,
apertium:GEN,lexinfo:case,lexinfo:genitiveCase,,
apertium:genacc,lexinfo:morphosyntacticProperty,apertium:genacc,,
apertium:ger,lexinfo:morphosyntacticProperty,apertium:ger,,
apertium:Ger,lexinfo:morphosyntacticProperty,apertium:Ger,,
apertium:ger_past,lexinfo:morphosyntacticProperty,apertium:ger_past,,
apertium:GERO,lexinfo:morphosyntacticProperty,apertium:GERO,,
apertium:gerps,lexinfo:morphosyntacticProperty,apertium:gerps,,
apertium:gna,lexinfo:morphosyntacticProperty,apertium:gna,,
apertium:gna,lexinfo:partOfSpeech,lexinfo:adverb,adv,
apertium:gpr_past,lexinfo:morphosyntacticProperty,apertium:gpr_past,,
apertium:gpr_pot,lexinfo:morphosyntacticProperty,apertium:gpr_pot,,
apertium:gpr_ppot,lexinfo:morphosyntacticProperty,apertium:gpr_ppot,,
apertium:gra,lexinfo:morphosyntacticProperty,apertium:gra,,
apertium:GRA,lexinfo:morphosyntacticProperty,apertium:GRA,,
apertium:GU,lexinfo:morphosyntacticProperty,apertium:GU,,
apertium:guess,lexinfo:morphosyntacticProperty,apertium:guess,,
apertium:guio,lexinfo:partOfSpeech,lexinfo:punctuation,punct,
apertium:guio,lexinfo:morphosyntacticProperty,apertium:guio,,
apertium:HAIEK,lexinfo:morphosyntacticProperty,apertium:HAIEK,,
apertium:HAOS,lexinfo:morphosyntacticProperty,apertium:HAOS,,
apertium:HAUT,lexinfo:morphosyntacticProperty,apertium:HAUT,,
apertium:HELB,lexinfo:morphosyntacticProperty,apertium:HELB,,
apertium:HI,lexinfo:morphosyntacticProperty,apertium:HI,,
apertium:hs,lexinfo:morphosyntacticProperty,apertium:hs,,
apertium:HUR,lexinfo:morphosyntacticProperty,apertium:HUR,,
apertium:HURA,lexinfo:morphosyntacticProperty,apertium:HURA,,
apertium:hyd,lexinfo:morphosyntacticProperty,apertium:hyd,,
apertium:hyd,lexinfo:partOfSpeech,lexinfo:properNoun,propn,
apertium:ideo,lexinfo:morphosyntacticProperty,apertium:ideo,,
apertium:ifi,lexinfo:morphosyntacticProperty,apertium:ifi,,
apertium:ifi,lexinfo:tense,lexinfo:preterite,,
apertium:ij,lexinfo:partOfSpeech,lexinfo:interjection,intj,
apertium:ill,lexinfo:case,lexinfo:illativeCase,,
apertium:imp,lexinfo:mood,lexinfo:imperative,,
apertium:imp,lexinfo:mood,apertium:imp,,
apertium:imperf,lexinfo:aspect,lexinfo:imperfective,,
apertium:impers,lexinfo:person,apertium:impers,,
apertium:impf,lexinfo:aspect,lexinfo:imperfective,,
apertium:impf,lexinfo:verbFormMood,lexinfo:participle,,
apertium:Imprt,lexinfo:mood,lexinfo:imperative,,
apertium:ind,lexinfo:morphosyntacticProperty,apertium:ind,,
apertium:indecl,lexinfo:morphosyntacticProperty,apertium:indecl,,
apertium:indef,lexinfo:definiteness,lexinfo:indefinite,,
apertium:indef,lexinfo:partOfSpeech,lexinfo:indefinitePronoun,pron,
apertium:indizl,lexinfo:morphosyntacticProperty,apertium:indizl,,
apertium:INE,lexinfo:morphosyntacticProperty,apertium:INE,,
apertium:INE,lexinfo:case,lexinfo:inessiveCase,,
apertium:inf,lexinfo:verbFormMood,lexinfo:infinitive,,
apertium:Inf,lexinfo:verbFormMood,lexinfo:infinitive,,
apertium:infl,lexinfo:morphosyntacticProperty,apertium:infl,,
apertium:infm,lexinfo:morphosyntacticProperty,apertium:infm,,
apertium:infps,lexinfo:morphosyntacticProperty,apertium:infps,,
apertium:infps,lexinfo:verbFormMood,lexinfo:infinitive,,
apertium:ins,lexinfo:case,lexinfo:instrumentalCase,,
apertium:INS,lexinfo:morphosyntacticProperty,apertium:INS,,
apertium:inst,lexinfo:morphosyntacticProperty,apertium:inst,,
apertium:interj,lexinfo:partOfSpeech,lexinfo:interjection,intj,
apertium:Interr,lexinfo:morphosyntacticProperty,apertium:Interr,,
apertium:invariant,lexinfo:morphosyntacticProperty,apertium:invariant,,
apertium:IOR,lexinfo:morphosyntacticProperty,apertium:IOR,,
apertium:itg,lexinfo:partOfSpeech,lexinfo:interrogativePronoun,pron,
apertium:ITJ,lexinfo:morphosyntacticProperty,apertium:ITJ,,
apertium:ito,lexinfo:verbFormMood,lexinfo:infinitive,,
apertium:iv,synsem:synBehavior,[a lexinfo:IntransitiveFrame],,
apertium:IV,synsem:synBehavior,[a lexinfo:IntransitiveFrame],,
apertium:IZB,lexinfo:morphosyntacticProperty,apertium:IZB,,
apertium:IZE,lexinfo:morphosyntacticProperty,apertium:IZE,,
apertium:izen,lexinfo:morphosyntacticProperty,apertium:izen,,
apertium:IZGGAL,lexinfo:morphosyntacticProperty,apertium:IZGGAL,,
apertium:IZGMGB,lexinfo:morphosyntacticProperty,apertium:IZGMGB,,
apertium:izl,lexinfo:morphosyntacticProperty,apertium:izl,,
apertium:IZL,lexinfo:morphosyntacticProperty,apertium:IZL,,
apertium:izo,lexinfo:morphosyntacticProperty,apertium:izo,,
apertium:IZO,lexinfo:morphosyntacticProperty,apertium:IZO,,
apertium:JNT,lexinfo:morphosyntacticProperty,apertium:JNT,,
apertium:kah,lexinfo:morphosyntacticProperty,apertium:kah,,
apertium:kan,lexinfo:morphosyntacticProperty,apertium:kan,,
apertium:KAUS,lexinfo:morphosyntacticProperty,apertium:KAUS,,
apertium:ke,lexinfo:morphosyntacticProperty,apertium:ke,,
apertium:ke-an,lexinfo:morphosyntacticProperty,apertium:ke-an,,
apertium:ko,lexinfo:morphosyntacticProperty,apertium:ko,,
apertium:KONP,lexinfo:morphosyntacticProperty,apertium:KONP,,
apertium:KONT,lexinfo:morphosyntacticProperty,apertium:KONT,,
apertium:LAB,lexinfo:morphosyntacticProperty,apertium:LAB,,
apertium:lcit,lexinfo:morphosyntacticProperty,apertium:lcit,,
apertium:lemq-obj,lexinfo:morphosyntacticProperty,apertium:lemq-obj,,
apertium:LIB,lexinfo:morphosyntacticProperty,apertium:LIB,,
apertium:loc,lexinfo:morphosyntacticProperty,apertium:loc,,
apertium:loc,lexinfo:case,lexinfo:locativeCase,,ONLY IN ENTRY IN KAZAKH
apertium:Loc,lexinfo:case,lexinfo:locativeCase,,
apertium:LOK,lexinfo:morphosyntacticProperty,apertium:LOK,,
apertium:LOT,lexinfo:morphosyntacticProperty,apertium:LOT,,
apertium:lp,lexinfo:morphosyntacticProperty,apertium:lp,,
apertium:lp,lexinfo:verbFormMood,lexinfo:particle,,
apertium:lpar,lexinfo:partOfSpeech,lexinfo:openParenthesis,punct,
apertium:lquest,lexinfo:morphosyntacticProperty,apertium:lquest,,
apertium:lquest,lexinfo:partOfSpeech,lexinfo:questionMark,punct,
apertium:lquot,lexinfo:morphosyntacticProperty,apertium:lquot,,
apertium:lquot,lexinfo:partOfSpeech,lexinfo:punctuation,punct,
apertium:m,lexinfo:gender,lexinfo:masculine,,
apertium:ma,lexinfo:gender,lexinfo:masculine,,
apertium:ma,lexinfo:animacy,lexinfo:animate,,
apertium:Mal,lexinfo:gender,lexinfo:masculine,,
apertium:MAR,lexinfo:morphosyntacticProperty,apertium:MAR,,
apertium:MDNC,lexinfo:morphosyntacticProperty,apertium:MDNC,,
apertium:MEN,lexinfo:morphosyntacticProperty,apertium:MEN,,
apertium:mf,lexinfo:gender,lexinfo:masculine,,
apertium:mf,lexinfo:gender,lexinfo:feminine,,
apertium:mfn,lexinfo:gender,lexinfo:masculine,,
apertium:mfn,lexinfo:gender,lexinfo:feminine,,
apertium:mfn,lexinfo:gender,lexinfo:neuter,,
apertium:mfSG,lexinfo:gender,apertium:mfSG,,
apertium:MG,lexinfo:morphosyntacticProperty,apertium:MG,,
apertium:mi,lexinfo:animacy,lexinfo:inanimate,,
apertium:mi,lexinfo:gender,lexinfo:masculine,,
apertium:midv,lexinfo:voice,lexinfo:middleVoice,,
apertium:mn,lexinfo:gender,lexinfo:masculine,,
apertium:mn,lexinfo:gender,lexinfo:neuter,,
apertium:mod,lexinfo:partOfSpeech,lexinfo:particle,part,
apertium:MOD,lexinfo:morphosyntacticProperty,apertium:MOD,,
apertium:MOD,lexinfo:partOfSpeech,lexinfo:particle,part,
apertium:mod_ass,lexinfo:morphosyntacticProperty,apertium:mod_ass,,
apertium:mod_ass,lexinfo:partOfSpeech,lexinfo:particle,particle,
apertium:MOD_DENB,lexinfo:morphosyntacticProperty,apertium:MOD_DENB,,
apertium:mod_ind,lexinfo:morphosyntacticProperty,apertium:mod_ind,,
apertium:mod_ind,lexinfo:partOfSpeech,lexinfo:particle,particle,
apertium:mon,lexinfo:morphosyntacticProperty,apertium:mon,,
apertium:MOS,lexinfo:morphosyntacticProperty,apertium:MOS,,
apertium:MOT,lexinfo:morphosyntacticProperty,apertium:MOT,,
apertium:mp,lexinfo:morphosyntacticProperty,apertium:mp,,
apertium:MULT,lexinfo:morphosyntacticProperty,apertium:MULT,,
apertium:n,lexinfo:partOfSpeech,lexinfo:noun,noun,
apertium:n,lexinfo:morphosyntacticProperty,apertium:n,,
apertium:N,lexinfo:partOfSpeech,lexinfo:noun,noun,
apertium:n1,lexinfo:morphosyntacticProperty,apertium:n1,,
apertium:ND,lexinfo:number,apertium:ND,,
apertium:neg,lexinfo:morphosyntacticProperty,apertium:neg,,
apertium:Neg,lexinfo:morphosyntacticProperty,apertium:Neg,,
apertium:NI,lexinfo:morphosyntacticProperty,apertium:NI,,
apertium:NI_GU,lexinfo:morphosyntacticProperty,apertium:NI_GU,,
apertium:NI_HI,lexinfo:morphosyntacticProperty,apertium:NI_HI,,
apertium:NI_HK,lexinfo:morphosyntacticProperty,apertium:NI_HK,,
apertium:NI_HU,lexinfo:morphosyntacticProperty,apertium:NI_HU,,
apertium:NI_NI,lexinfo:morphosyntacticProperty,apertium:NI_NI,,
apertium:NI_ZK,lexinfo:morphosyntacticProperty,apertium:NI_ZK,,
apertium:NI_ZU,lexinfo:morphosyntacticProperty,apertium:NI_ZU,,
apertium:NK_GU,lexinfo:morphosyntacticProperty,apertium:NK_GU,,
apertium:NK_HI,lexinfo:morphosyntacticProperty,apertium:NK_HI,,
apertium:NK_HK,lexinfo:morphosyntacticProperty,apertium:NK_HK,,
apertium:NK_HU,lexinfo:morphosyntacticProperty,apertium:NK_HU,,
apertium:NK_NI,lexinfo:morphosyntacticProperty,apertium:NK_NI,,
apertium:NK_ZK,lexinfo:morphosyntacticProperty,apertium:NK_ZK,,
apertium:NK_ZU,lexinfo:morphosyntacticProperty,apertium:NK_ZU,,
apertium:nm,lexinfo:morphosyntacticProperty,apertium:nm,,
apertium:nn,lexinfo:partOfSpeech,lexinfo:noun,noun,
apertium:nn,lexinfo:animacy,lexinfo:inanimate,,
apertium:NO,lexinfo:morphosyntacticProperty,apertium:NO,,
apertium:NOLARR,lexinfo:morphosyntacticProperty,apertium:NOLARR,,
apertium:NOLGAL,lexinfo:morphosyntacticProperty,apertium:NOLGAL,,
apertium:nom,lexinfo:case,lexinfo:nominativeCase,,
apertium:Nom,lexinfo:case,lexinfo:nominativeCase,,
apertium:nomi,lexinfo:morphosyntacticProperty,apertium:nomi,,
apertium:nonpast,lexinfo:morphosyntacticProperty,apertium:nonpast,,
apertium:lexinfo:tense,lexinfo:past,,,
apertium:lexinfo:tense,lexinfo:future,,,
apertium:np,lexinfo:partOfSpeech,lexinfo:properNoun,propn,
apertium:NR_GU,lexinfo:morphosyntacticProperty,apertium:NR_GU,,
apertium:NR_HI,lexinfo:morphosyntacticProperty,apertium:NR_HI,,
apertium:NR_HK,lexinfo:morphosyntacticProperty,apertium:NR_HK,,
apertium:NR_HU,lexinfo:morphosyntacticProperty,apertium:NR_HU,,
apertium:NR_NI,lexinfo:morphosyntacticProperty,apertium:NR_NI,,
apertium:NR_ZK,lexinfo:morphosyntacticProperty,apertium:NR_ZK,,
apertium:NR_ZU,lexinfo:morphosyntacticProperty,apertium:NR_ZU,,
apertium:nt,lexinfo:gender,lexinfo:neuter,,
apertium:num,lexinfo:partOfSpeech,lexinfo:numeral,num,
apertium:Num,lexinfo:partOfSpeech,lexinfo:numeral,num,
apertium:number,lexinfo:morphosyntacticProperty,apertium:number,,
apertium:NUMP,lexinfo:morphosyntacticProperty,apertium:NUMP,,
apertium:NUMS,lexinfo:morphosyntacticProperty,apertium:NUMS,,
apertium:nya,lexinfo:morphosyntacticProperty,apertium:nya,,
apertium:obj,lexinfo:morphosyntacticProperty,apertium:obj,,
apertium:Obj,lexinfo:morphosyntacticProperty,apertium:Obj,,
apertium:obl,lexinfo:case,lexinfo:obliqueCase,,
apertium:ONDO,lexinfo:morphosyntacticProperty,apertium:ONDO,,
apertium:onpr,lexinfo:morphosyntacticProperty,apertium:onpr,,
apertium:opt,lexinfo:morphosyntacticProperty,apertium:opt,,
apertium:ord,lexinfo:morphosyntacticProperty,apertium:ord,,
apertium:Ord,lexinfo:morphosyntacticProperty,apertium:Ord,,
apertium:ORD,lexinfo:morphosyntacticProperty,apertium:ORD,,
apertium:org,lexinfo:morphosyntacticProperty,apertium:org,,
apertium:org,lexinfo:partOfSpeech,lexinfo:properNoun,propn,
apertium:Org,lexinfo:morphosyntacticProperty,apertium:Org,,
apertium:Org,lexinfo:partOfSpeech,lexinfo:properNoun,propn,
apertium:ORO,lexinfo:morphosyntacticProperty,apertium:ORO,,
apertium:overskrift,lexinfo:morphosyntacticProperty,apertium:overskrift,,
apertium:p1,lexinfo:person,lexinfo:firstPerson,,
apertium:p2,lexinfo:person,lexinfo:secondPerson,,
apertium:p3,lexinfo:person,lexinfo:thirdPerson,,
apertium:p4,lexinfo:morphosyntacticProperty,apertium:p4,,
apertium:padv,lexinfo:morphosyntacticProperty,apertium:padv,,
apertium:PAR,lexinfo:morphosyntacticProperty,apertium:PAR,,
apertium:par,lexinfo:case,lexinfo:partitiveCase,,
apertium:parol,lexinfo:morphosyntacticProperty,apertium:parol,,
apertium:part,lexinfo:morphosyntacticProperty,apertium:part,,
apertium:part,lexinfo:morphosyntacticProperty,apertium:part,,
apertium:pass,lexinfo:voice,lexinfo:passiveVoice,,
apertium:past,lexinfo:tense,lexinfo:past,,
apertium:past3p,lexinfo:tense,lexinfo:past,,
apertium:past3p,lexinfo:person,lexinfo:thirdPerson,,
apertium:pasv,lexinfo:morphosyntacticProperty,apertium:pasv,,
apertium:pasv,lexinfo:voice,lexinfo:passiveVoice,,
apertium:pat,lexinfo:partOfSpeech,lexinfo:properNoun,propn,
apertium:pat,lexinfo:morphosyntacticProperty,apertium:pat,,
apertium:Pcle,lexinfo:partOfSpeech,lexinfo:particle,particle,
apertium:PD,lexinfo:person,apertium:PD,,
apertium:pe,lexinfo:morphosyntacticProperty,apertium:pe,,
apertium:pe-an,lexinfo:morphosyntacticProperty,apertium:pe-an,,
apertium:peN,lexinfo:morphosyntacticProperty,apertium:peN,,
apertium:peN-an,lexinfo:morphosyntacticProperty,apertium:peN-an,,
apertium:per,lexinfo:morphosyntacticProperty,apertium:per,,
apertium:per-an,lexinfo:morphosyntacticProperty,apertium:per-an,,
apertium:PERARR,lexinfo:morphosyntacticProperty,apertium:PERARR,,
apertium:percent,lexinfo:morphosyntacticProperty,apertium:percent,,
apertium:percent,lexinfo:partOfSpeech,lexinfo:punctuation,punct,
apertium:perf,lexinfo:aspect,lexinfo:perfective,,
apertium:per-i,lexinfo:morphosyntacticProperty,apertium:per-i,,
apertium:PERIND,lexinfo:morphosyntacticProperty,apertium:PERIND,,
apertium:per-kan,lexinfo:morphosyntacticProperty,apertium:per-kan,,
apertium:pers,lexinfo:partOfSpeech,lexinfo:personalPronoun,pron,
apertium:Pers,lexinfo:partOfSpeech,lexinfo:personalPronoun,pron,
apertium:pfut,lexinfo:morphosyntacticProperty,apertium:pfut,,
apertium:PH,lexinfo:morphosyntacticProperty,apertium:PH,,
apertium:pih,lexinfo:morphosyntacticProperty,apertium:pih,,
apertium:pih,lexinfo:tense,lexinfo:imperfect,,
apertium:pii,lexinfo:tense,lexinfo:imperfect,,
apertium:pii,lexinfo:mood,lexinfo:indicative,,
apertium:pis,lexinfo:tense,lexinfo:past,,
apertium:pis,lexinfo:verbFormMood,lexinfo:subjunctive,,
apertium:pl,lexinfo:number,lexinfo:plural,,
apertium:Pl,lexinfo:number,lexinfo:plural,,
apertium:Pl1,lexinfo:person,lexinfo:firstPerson,,
apertium:Pl1,lexinfo:number,lexinfo:plural,,
apertium:Pl2,lexinfo:person,lexinfo:secondPerson,,
apertium:Pl2,lexinfo:number,lexinfo:plural,,
apertium:Pl3,lexinfo:person,lexinfo:thirdPerson,,
apertium:Pl3,lexinfo:number,lexinfo:plural,,
apertium:plc,lexinfo:morphosyntacticProperty,apertium:plc,,
apertium:Plc,lexinfo:morphosyntacticProperty,apertium:Plc,,
apertium:Plc,lexinfo:partOfSpeech,lexinfo:noun,noun,
apertium:plu,lexinfo:tense,apertium:plu,,
apertium:pmp,lexinfo:tense,apertium:pmp,,
apertium:po,lexinfo:morphosyntacticProperty,apertium:po,,
apertium:Po,lexinfo:partOfSpeech,lexinfo:postposition,adp,
apertium:pos,lexinfo:partOfSpeech,lexinfo:possessivePronoun,pron,
apertium:posi,lexinfo:degree,lexinfo:positive,,
apertium:post,lexinfo:partOfSpeech,lexinfo:postposition,adp,
apertium:Pot,lexinfo:morphosyntacticProperty,apertium:Pot,,
apertium:poth,lexinfo:morphosyntacticProperty,apertium:poth,,
apertium:potpr,lexinfo:morphosyntacticProperty,apertium:potpr,,
apertium:potps,lexinfo:morphosyntacticProperty,apertium:potps,,
apertium:pp,lexinfo:morphosyntacticProperty,apertium:pp,,
apertium:pp,lexinfo:verbFormMood,lexinfo:participle,,
apertium:pper,lexinfo:morphosyntacticProperty,apertium:pper,,
apertium:ppos,lexinfo:morphosyntacticProperty,apertium:ppos,,
apertium:ppr,lexinfo:morphosyntacticProperty,apertium:ppr,,
apertium:pprep,lexinfo:morphosyntacticProperty,apertium:pprep,,
apertium:ppres,lexinfo:morphosyntacticProperty,apertium:ppres,,
apertium:pprs,lexinfo:partOfSpeech,lexinfo:presentParticipleAdjective,adj,
apertium:pprs,lexinfo:tense,lexinfo:present,,
apertium:pprs,lexinfo:verbFormMood,lexinfo:participle,,
apertium:pps,lexinfo:morphosyntacticProperty,apertium:pps,,
apertium:pr,lexinfo:partOfSpeech,lexinfo:preposition,adp,
apertium:Pr,lexinfo:partOfSpeech,lexinfo:preposition,adp,
apertium:prc_impf,lexinfo:morphosyntacticProperty,apertium:prc_impf,,
apertium:prc_perf,lexinfo:morphosyntacticProperty,apertium:prc_perf,,
apertium:prcont,lexinfo:morphosyntacticProperty,apertium:prcont,,
apertium:preadv,lexinfo:morphosyntacticProperty,apertium:preadv,,
apertium:preadv,lexinfo:partOfSpeech,lexinfo:adverb,adv,
apertium:pred,rdf:type,lexinfo:PredicativeAdjective,,
apertium:predet,lexinfo:morphosyntacticProperty,apertium:predet,,
apertium:predet,lexinfo:partOfSpeech,lexinfo:determiner,det,
apertium:pref,lexinfo:termElement,lexinfo:prefix,,
apertium:prep,lexinfo:partOfSpeech,lexinfo:preposition,adp,
apertium:prepprn,lexinfo:morphosyntacticProperty,apertium:prepprn,,
apertium:pres,lexinfo:tense,lexinfo:present,,
apertium:pres,lexinfo:mood,lexinfo:indicative,,
apertium:presneg,lexinfo:morphosyntacticProperty,apertium:presneg,,
apertium:pret,lexinfo:tense,lexinfo:preterite,,
apertium:PrfPrc,lexinfo:verbFormMood,lexinfo:participle,,
apertium:PrfPrc,lexinfo:morphosyntacticProperty,apertium:PrfPrc,,
apertium:prh,lexinfo:tense,lexinfo:present,,
apertium:prh,lexinfo:morphosyntacticProperty,apertium:prh,,
apertium:pri,lexinfo:tense,lexinfo:present,,
apertium:pri,lexinfo:mood,lexinfo:indicative,,
apertium:prl,lexinfo:case,lexinfo:prolativeCase,,
apertium:prn,lexinfo:partOfSpeech,lexinfo:pronoun,pron,
apertium:pro,lexinfo:cliticness,lexinfo:bound,,
apertium:pro,lexinfo:morphosyntacticProperty,apertium:pro,,
apertium:PRO,lexinfo:morphosyntacticProperty,apertium:PRO,,
apertium:probj,lexinfo:morphosyntacticProperty,apertium:probj,,
apertium:pron,lexinfo:partOfSpeech,lexinfo:pronoun,pron,
apertium:Pron,lexinfo:partOfSpeech,lexinfo:pronoun,pron,
apertium:Prop,lexinfo:partOfSpeech,lexinfo:properNoun,propn,
apertium:prp,lexinfo:case,apertium:prp,,
apertium:prperf,lexinfo:morphosyntacticProperty,apertium:prperf,,
apertium:prs,lexinfo:tense,lexinfo:present,,
apertium:prs,lexinfo:mood,lexinfo:subjunctive,,
apertium:Prs,lexinfo:tense,lexinfo:present,,
apertium:prs2,lexinfo:morphosyntacticProperty,apertium:prs2,,
apertium:PrsPrc,lexinfo:verbFormMood,lexinfo:participle,,
apertium:PrsPrc,lexinfo:morphosyntacticProperty,apertium:PrsPrc,,
apertium:Prt,lexinfo:tense,lexinfo:preterite,,
apertium:PRT,lexinfo:morphosyntacticProperty,apertium:PRT,,
apertium:prx,lexinfo:morphosyntacticProperty,apertium:prx,,
apertium:prx,lexinfo:partOfSpeech,lexinfo:demonstrativeDeterminer,det,
apertium:pst,lexinfo:degree,lexinfo:positive,,
apertium:pst,lexinfo:morphosyntacticProperty,apertium:pst,,
apertium:pstv,lexinfo:morphosyntacticProperty,apertium:pstv,,
apertium:pun,lexinfo:morphosyntacticProperty,apertium:pun,,
apertium:punct,lexinfo:partOfSpeech,lexinfo:punctuation,punct,
apertium:pve,lexinfo:morphosyntacticProperty,apertium:pve,,
apertium:px,lexinfo:morphosyntacticProperty,apertium:px,,
apertium:px1pl,lexinfo:person,lexinfo:firstPerson,,
apertium:px1pl,lexinfo:number,lexinfo:plural,,
apertium:px1pl,lexinfo:referentType,lexinfo:possessive,,
apertium:px1sg,lexinfo:person,lexinfo:firstPerson,,
apertium:px1sg,lexinfo:number,lexinfo:singular,,
apertium:px1sg,lexinfo:referentType,lexinfo:possessive,,
apertium:px2pl,lexinfo:person,lexinfo:secondPerson,,
apertium:px2pl,lexinfo:number,lexinfo:plural,,
apertium:px2pl,lexinfo:referentType,lexinfo:possessive,,
apertium:px2sg,lexinfo:person,lexinfo:secondPerson,,
apertium:px2sg,lexinfo:number,lexinfo:singular,,
apertium:px2sg,lexinfo:referentType,lexinfo:possessive,,
apertium:px3pl,lexinfo:person,lexinfo:thirdPerson,,
apertium:px3pl,lexinfo:number,lexinfo:plural,,
apertium:px3pl,lexinfo:referentType,lexinfo:possessive,,
apertium:px3sg_f,lexinfo:person,lexinfo:thirdPerson,,
apertium:px3sg_f,lexinfo:number,lexinfo:singular,,
apertium:px3sg_f,lexinfo:referentType,lexinfo:possessive,,
apertium:px3sg_f,lexinfo:gender,lexinfo:feminine,,
apertium:px3sg_m,lexinfo:person,lexinfo:thirdPerson,,
apertium:px3sg_m,lexinfo:number,lexinfo:singular,,
apertium:px3sg_m,lexinfo:referentType,lexinfo:possessive,,
apertium:px3sg_m,lexinfo:gender,lexinfo:masculine,,
apertium:px3sp,lexinfo:person,lexinfo:thirdPerson,,
apertium:px3sp,lexinfo:number,lexinfo:singular,,
apertium:px3sp,lexinfo:number,lexinfo:plural,,
apertium:px3sp,lexinfo:referentType,lexinfo:possessive,,
apertium:PxCPlComRecipr,lexinfo:morphosyntacticProperty,apertium:PxCPlComRecipr,,
apertium:PXD,lexinfo:morphosyntacticProperty,apertium:PXD,,
apertium:PxDu1,lexinfo:termElement,lexinfo:suffix,,
apertium:PxDu1,lexinfo:person,lexinfo:firstPerson,,
apertium:PxDu1,lexinfo:number,lexinfo:dual,,
apertium:PxDu1,lexinfo:referentType,lexinfo:possessive,,
apertium:PxDu2,lexinfo:person,lexinfo:secondPerson,,
apertium:PxDu2,lexinfo:number,lexinfo:dual,,
apertium:PxDu2,lexinfo:referentType,lexinfo:possessive,,
apertium:PxDu2,lexinfo:termElement,lexinfo:suffix,,
apertium:PxDu3,lexinfo:person,lexinfo:thirdPerson,,
apertium:PxDu3,lexinfo:number,lexinfo:dual,,
apertium:PxDu3,lexinfo:referentType,lexinfo:possessive,,
apertium:PxDu3,lexinfo:termElement,lexinfo:suffix,,
apertium:PxPl1,lexinfo:person,lexinfo:firstPerson,,
apertium:PxPl1,lexinfo:number,lexinfo:plural,,
apertium:PxPl1,lexinfo:referentType,lexinfo:possessive,,
apertium:PxPl1,lexinfo:termElement,lexinfo:suffix,,
apertium:PxPl2,lexinfo:person,lexinfo:secondPerson,,
apertium:PxPl2,lexinfo:number,lexinfo:plural,,
apertium:PxPl2,lexinfo:referentType,lexinfo:possessive,,
apertium:PxPl2,lexinfo:termElement,lexinfo:suffix,,
apertium:PxPl3,lexinfo:person,lexinfo:thirdPerson,,
apertium:PxPl3,lexinfo:number,lexinfo:plural,,
apertium:PxPl3,lexinfo:referentType,lexinfo:possessive,,
apertium:PxPl3,lexinfo:termElement,lexinfo:suffix,,
apertium:PxSg1,lexinfo:person,lexinfo:firstPerson,,
apertium:PxSg1,lexinfo:number,lexinfo:singular,,
apertium:PxSg1,lexinfo:referentType,lexinfo:possessive,,
apertium:PxSg1,lexinfo:termElement,lexinfo:suffix,,
apertium:PxSg2,lexinfo:person,lexinfo:secondPerson,,
apertium:PxSg2,lexinfo:number,lexinfo:singular,,
apertium:PxSg2,lexinfo:referentType,lexinfo:possessive,,
apertium:PxSg2,lexinfo:termElement,lexinfo:suffix,,
apertium:PxSg3,lexinfo:person,lexinfo:thirdPerson,,
apertium:PxSg3,lexinfo:number,lexinfo:singular,,
apertium:PxSg3,lexinfo:referentType,lexinfo:possessive,,
apertium:PxSg3,lexinfo:termElement,lexinfo:suffix,,
apertium:qnt,lexinfo:morphosyntacticProperty,apertium:qnt,,
apertium:qnt,lexinfo:partOfSpeech,lexinfo:pronoun,pron,
apertium:qst,lexinfo:partOfSpeech,lexinfo:particle,particle,
apertium:qst,lexinfo:morphosyntacticProperty,apertium:qst,,
apertium:Qst,lexinfo:partOfSpeech,lexinfo:particle,particle,
apertium:Qst,lexinfo:morphosyntacticProperty,apertium:Qst,,
apertium:quest,lexinfo:morphosyntacticProperty,apertium:quest,,
apertium:quot,lexinfo:partOfSpeech,lexinfo:punctuation,punct,
apertium:quot,lexinfo:morphosyntacticProperty,apertium:quot,,
apertium:quote,lexinfo:partOfSpeech,lexinfo:punctuation,punct,
apertium:quote,lexinfo:morphosyntacticProperty,apertium:quote,,
apertium:r1,lexinfo:morphosyntacticProperty,apertium:r1,,
apertium:Rabl,lexinfo:partOfSpeech,lexinfo:postposition,adp,
apertium:Rabl,lexinfo:case,lexinfo:ablativeCase,,
apertium:Racc,lexinfo:partOfSpeech,lexinfo:postposition,adp,
apertium:Racc,lexinfo:case,lexinfo:accusativeCase,,
apertium:RARE,lexinfo:morphosyntacticProperty,apertium:RARE,,
apertium:rcit,lexinfo:morphosyntacticProperty,apertium:rcit,,
apertium:RCmpnd,lexinfo:termElement,lexinfo:wordElement,,
apertium:RCmpnd,lexinfo:morphosyntacticProperty,apertium:RCmpnd,,
apertium:Rdat,lexinfo:partOfSpeech,lexinfo:postposition,adp,
apertium:Rdat,lexinfo:case,lexinfo:dativeCase,,
apertium:re,lexinfo:morphosyntacticProperty,apertium:re,,
apertium:rec,lexinfo:partOfSpeech,reciprocalPronoun,,
apertium:recip,lexinfo:morphosyntacticProperty,apertium:recip,,
apertium:Recipr,lexinfo:morphosyntacticProperty,apertium:Recipr,,
apertium:red,lexinfo:morphosyntacticProperty,apertium:red,,
apertium:ref,lexinfo:partOfSpeech,lexinfo:reflexivePersonalPronoun,pron,
apertium:Refl,lexinfo:morphosyntacticProperty,apertium:Refl,,
apertium:refl_prn,lexinfo:morphosyntacticProperty,apertium:refl_prn,,
apertium:rel,lexinfo:partOfSpeech,lexinfo:relativePronoun,pron,
apertium:Rel,lexinfo:morphosyntacticProperty,apertium:Rel,,
apertium:res,lexinfo:partOfSpeech,lexinfo:reciprocalPronoun,pron,
apertium:Rgen,lexinfo:partOfSpeech,lexinfo:postposition,adp,
apertium:Rgen,lexinfo:case,lexinfo:genitiveCase,,
apertium:Rins,lexinfo:partOfSpeech,lexinfo:postposition,adp,
apertium:Rins,lexinfo:case,lexinfo:instrumentalCase,,
apertium:Rloc,lexinfo:partOfSpeech,lexinfo:postposition,adp,
apertium:Rloc,lexinfo:case,lexinfo:locativeCase,,
apertium:Rnom,lexinfo:partOfSpeech,lexinfo:postposition,adp,
apertium:Rnom,lexinfo:case,lexinfo:nominativeCase,,
apertium:rom,lexinfo:morphosyntacticProperty,apertium:rom,,
apertium:roman,lexinfo:morphosyntacticProperty,apertium:roman,,
apertium:rpar,lexinfo:partOfSpeech,lexinfo:closeParenthesis,punct,
apertium:rquot,lexinfo:morphosyntacticProperty,apertium:rquot,,
apertium:rquot,lexinfo:partOfSpeech,lexinfo:punctuation,punct,
apertium:s1,lexinfo:morphosyntacticProperty,apertium:s1,,
apertium:S1,lexinfo:morphosyntacticProperty,apertium:S1,,
apertium:s2,lexinfo:morphosyntacticProperty,apertium:s2,,
apertium:san,lexinfo:morphosyntacticProperty,apertium:san,,
apertium:sbj,lexinfo:mood,lexinfo:subjunctive,,
apertium:se,lexinfo:morphosyntacticProperty,apertium:se,,
apertium:sent,lexinfo:morphosyntacticProperty,apertium:sent,,
apertium:sent,lexinfo:partOfSpeech,lexinfo:punctuation,punct,
apertium:sep,lexinfo:morphosyntacticProperty,apertium:sep,,
apertium:sep,lexinfo:partOfSpeech,lexinfo:verb,verb,
apertium:ses,lexinfo:case,lexinfo:superessiveCase,,
apertium:sfx,lexinfo:morphosyntacticProperty,apertium:sfx,,
apertium:sg,lexinfo:number,lexinfo:singular,,
apertium:Sg,lexinfo:number,lexinfo:singular,,
apertium:Sg1,lexinfo:person,lexinfo:firstPerson,,
apertium:Sg1,lexinfo:number,lexinfo:singular,,
apertium:Sg2,lexinfo:person,lexinfo:secondPerson,,
apertium:Sg2,lexinfo:number,lexinfo:singular,,
apertium:Sg3,lexinfo:person,lexinfo:thirdPerson,,
apertium:Sg3,lexinfo:number,lexinfo:singular,,
apertium:ShCmp,lexinfo:morphosyntacticProperty,apertium:ShCmp,,
apertium:short,lexinfo:partOfSpeech,lexinfo:adjective,adj,
apertium:short,lexinfo:morphosyntacticProperty,apertium:short,,
apertium:si,lexinfo:morphosyntacticProperty,apertium:si,,
apertium:SIG,lexinfo:morphosyntacticProperty,apertium:SIG,,
apertium:sim,lexinfo:morphosyntacticProperty,apertium:sim,,
apertium:SIN,lexinfo:morphosyntacticProperty,apertium:SIN,,
apertium:sint,lexinfo:morphosyntacticProperty,apertium:sint,,
apertium:sint,lexinfo:partOfSpeech,lexinfo:adjective,adj,
apertium:SNB,lexinfo:morphosyntacticProperty,apertium:SNB,,
apertium:SOZ,lexinfo:morphosyntacticProperty,apertium:SOZ,,
apertium:soc,lexinfo:case,lexinfo:sociativeCase,,
apertium:sp,lexinfo:number,lexinfo:singular,,
apertium:sp,lexinfo:number,lexinfo:pluarl,,
apertium:spost,lexinfo:morphosyntacticProperty,apertium:spost,,
apertium:ssup,lexinfo:degree,lexinfo:superlative,,
apertium:ssup,lexinfo:degree,apertium:ssup,,
apertium:stem,lexinfo:termElement,lexinfo:baseElement,,
apertium:stem,lexinfo:termElement,apertium:stem,,
apertium:stop,lexinfo:morphosyntacticProperty,apertium:stop,,
apertium:sub,lexinfo:case,lexinfo:sublativeCase,,
apertium:subj,rdf:type,lexinfo:Subject,,
apertium:subs,lexinfo:partOfSpeech,lexinfo:noun,noun,
apertium:subs,lexinfo:morphosyntacticProperty,apertium:subs,,
apertium:subst,lexinfo:morphosyntacticProperty,apertium:subst,,
apertium:suf,lexinfo:morphosyntacticProperty,apertium:suf,,
apertium:sup,lexinfo:degree,lexinfo:superlative,,
apertium:Sup,lexinfo:verbFormMood,apertium:Sup,,
apertium:SUP,lexinfo:morphosyntacticProperty,apertium:SUP,,
apertium:Superl,lexinfo:degree,lexinfo:superlative,,
apertium:supn,lexinfo:verbFormMood,apertium:supn,,
apertium:Sur,lexinfo:partOfSpeech,lexinfo:properNoun,,
apertium:Sur,lexinfo:partOfSpeech,apertium:Sur,,
apertium:sym,lexinfo:morphosyntacticProperty,apertium:sym,,
apertium:TD,lexinfo:morphosyntacticProperty,apertium:TD,,
apertium:temp,lexinfo:case,apertium:temp,,
apertium:ter,lexinfo:morphosyntacticProperty,apertium:ter,,
apertium:term,lexinfo:case,lexinfo:terminativeCase,,
apertium:time,lexinfo:morphosyntacticProperty,apertium:time,,
apertium:tn,lexinfo:morphosyntacticProperty,apertium:tn,,
apertium:tn,lexinfo:partOfSpeech,lexinfo:pronoun,,
apertium:TO,lexinfo:morphosyntacticProperty,apertium:TO,,
apertium:todef,lexinfo:morphosyntacticProperty,apertium:todef,,
apertium:top,lexinfo:partOfSpeech,lexinfo:properNoun,propn,
apertium:top,lexinfo:morphosyntacticProperty,apertium:top,,
apertium:tot,lexinfo:morphosyntacticProperty,apertium:tot,,
apertium:tra,lexinfo:case,lexinfo:translativeCase,,
apertium:tv,synsem:synBehavior,[a lexinfo:TransitiveFrame],,
apertium:TV,synsem:synBehavior,[a lexinfo:TransitiveFrame],,
apertium:un,lexinfo:gender,lexinfo:neuter,,
apertium:un,lexinfo:gender,apertium:un,,
apertium:unc,lexinfo:number,lexinfo:massNoun,,
apertium:uns,lexinfo:termElement,lexinfo:prefix,,
apertium:uns,lexinfo:morphosyntacticProperty,apertium:uns,,
apertium:unsint,lexinfo:morphosyntacticProperty,apertium:unsint,,
apertium:url,lexinfo:morphosyntacticProperty,apertium:url,,
apertium:urls,lexinfo:morphosyntacticProperty,apertium:urls,,
apertium:urls2,lexinfo:morphosyntacticProperty,apertium:urls2,,
apertium:ut,lexinfo:gender,lexinfo:neuter,,
apertium:ut,lexinfo:morphosyntacticProperty,apertium:ut,,
apertium:v,lexinfo:partOfSpeech,lexinfo:verb,verb,
apertium:v,lexinfo:morphosyntacticProperty,apertium:v,,
apertium:V,lexinfo:partOfSpeech,lexinfo:verb,verb,
apertium:v2,lexinfo:morphosyntacticProperty,apertium:v2,,
apertium:VAbess,lexinfo:case,apertium:VAbess,,
apertium:vaux,lexinfo:morphosyntacticProperty,apertium:vaux,,
apertium:vaux,lexinfo:partOfSpeech,lexinfo:verb,aux,
apertium:vbavea,lexinfo:morphosyntacticProperty,apertium:vbavea,verb,
apertium:vbavea,lexinfo:partOfSpeech,lexinfo:verb,verb,
apertium:vbdo,lexinfo:morphosyntacticProperty,apertium:vbdo,verb,
apertium:vbdo,lexinfo:partOfSpeech,lexinfo:verb,verb,
apertium:vbhaver,lexinfo:morphosyntacticProperty,apertium:vbhaver,,
apertium:vbhaver,lexinfo:partOfSpeech,lexinfo:verb,verb,
apertium:vblex,lexinfo:partOfSpeech,lexinfo:verb,verb,
apertium:vblex,lexinfo:morphosyntacticProperty,apertium:vblex,verb,
apertium:vbloc,lexinfo:partOfSpeech,lexinfo:verb,verb,
apertium:vbloc,lexinfo:morphosyntacticProperty,apertium:vbloc,verb,
apertium:vbmod,lexinfo:partOfSpeech,lexinfo:modal,aux,
apertium:vbntr,lexinfo:morphosyntacticProperty,apertium:vbntr,verb,
apertium:vbper,lexinfo:morphosyntacticProperty,apertium:vbper,verb,
apertium:vbser,lexinfo:partOfSpeech,lexinfo:verb,verb,
apertium:vbser,lexinfo:morphosyntacticProperty,apertium:vbser,verb,
apertium:vbsint,lexinfo:morphosyntacticProperty,apertium:vbsint,verb,
apertium:vbtr,lexinfo:morphosyntacticProperty,apertium:vbtr,verb,
apertium:vbtr_ntr,lexinfo:morphosyntacticProperty,apertium:vbtr_ntr,verb,
apertium:VGen,lexinfo:morphosyntacticProperty,apertium:VGen,,
apertium:VGen,lexinfo:partOfSpeech,lexinfo:verb,verb,
apertium:vmod,lexinfo:morphosyntacticProperty,apertium:vmod,,
apertium:voc,lexinfo:case,lexinfo:vocativeCase,,
apertium:vpart,lexinfo:partOfSpeech,lexinfo:particle,particle,
apertium:vpart,lexinfo:morphosyntacticProperty,apertium:vpart,,
apertium:vpost,lexinfo:morphosyntacticProperty,apertium:vpost,,
apertium:vrbnull,lexinfo:morphosyntacticProperty,apertium:vrbnull,,
apertium:web,lexinfo:morphosyntacticProperty,apertium:web,,
apertium:XD,lexinfo:morphosyntacticProperty,apertium:XD,,
apertium:ZHG,lexinfo:morphosyntacticProperty,apertium:ZHG,,
apertium:ZIU,lexinfo:morphosyntacticProperty,apertium:ZIU,,
apertium:ZU,lexinfo:morphosyntacticProperty,apertium:ZU,,
apertium:ZUEK,lexinfo:morphosyntacticProperty,apertium:ZUEK,,
apertium:NC_IZE_ARR,lexinfo:morphosyntacticProperty,apertium:noun,noun,
apertium:I_ITJ,lexinfo:morphosyntacticProperty,apertium:noun,noun,
apertium:NC_IZE_LIB,lexinfo:morphosyntacticProperty,apertium:noun,noun,
