tremendamente	adverb	spa	terriblemente	adverb	spa	0	0.84
sistemático	adjective	spa	sistémico	adjective	spa	0	0.84
colapso	noun	spa	desplome	noun	spa	0	0.653333
ladera	noun	spa	costado	noun	spa	0	0.84
compañero	noun	spa	camarada	noun	spa	0	0.746667
vocalista	noun	spa	cantante	noun	spa	0	0.84
caramelo	noun	spa	bombón	noun	spa	0	0.84
explanada	noun	spa	llanura	noun	spa	0	0.746667
explorador	noun	spa	navegador	noun	spa	0	0.653333
arder	verb	spa	abrasar	verb	spa	0	0.98
entretanto	adverb	spa	entre tanto	adverb	spa	0	0.933333
por otra parte	adverb	spa	por otro lado	adverb	spa	0	1
gusto	noun	spa	cata	noun	spa	0	0.6
risotada	noun	spa	carcajada	noun	spa	0	0.84
siquiera	adverb	spa	al menos	adverb	spa	0	1
desgraciado	adjective	spa	desdichado	adjective	spa	0	1
conclusión	noun	spa	final	noun	spa	0	0.746667
localidad	noun	spa	localización	noun	spa	0	0.533333
apear	verb	spa	bajar	verb	spa	0	0.746667
porche	noun	spa	vestíbulo	noun	spa	0	0.533333
galo	noun	spa	francés	noun	spa	0	0.746667
por lo general	adverb	spa	en general	adverb	spa	0	0.98
cola	noun	spa	rabo	noun	spa	0	1
problema	noun	spa	problemática	noun	spa	0	0.746667
encuestar	verb	spa	investigar	verb	spa	0	0.933333
desenroscar	verb	spa	desatornillar	verb	spa	0	0.98
docente	adjective	spa	educativo	adjective	spa	0	0.98
avanzar	verb	spa	progresar	verb	spa	0	0.84
fundamentación	noun	spa	fundación	noun	spa	0	0.84
nieto	noun	spa	sobrino	noun	spa	0	0.98
sospecha	noun	spa	desconfianza	noun	spa	0	0.533333
cient	numeral	spa	millar	numeral	spa	0	1
impulsar	verb	spa	empujar	verb	spa	0	0.84
plazuela	noun	spa	plazoleta	noun	spa	0	0.833333
rama	noun	spa	ramo	noun	spa	0	0.84
trueque	noun	spa	permuta	noun	spa	0	0.533333
viñedo	noun	spa	vid	noun	spa	0	1
entrada	noun	spa	ingreso	noun	spa	0	0.98
un	numeral	spa	uno	numeral	spa	0	1
grieta	noun	spa	hendedura	noun	spa	0	0.84
presupuestación	noun	spa	presupuesto	noun	spa	0	0.98
compañero	noun	spa	acompañante	noun	spa	0	0.98
baya	noun	spa	bahía	noun	spa	0	0.746667
fuerza	noun	spa	pujanza	noun	spa	0	0.84
plano	adjective	spa	liso	adjective	spa	0	0.533333
cuanto antes	adverb	spa	a la mayor brevedad posible	adverb	spa	0	0.746667
feliz	adjective	spa	dichoso	adjective	spa	0	0.98
foráneo	adjective	spa	ajeno	adjective	spa	0	0.533333
boleto	noun	spa	tique	noun	spa	0	1
abono	noun	spa	estiércol	noun	spa	0	0.746667
necropsia	noun	spa	autopsia	noun	spa	0	0.746667
fundación	noun	spa	fundamento	noun	spa	0	0.533333
desleal	adjective	spa	infiel	adjective	spa	0	0.98
longitud	noun	spa	eslora	noun	spa	0	0.98
hoja	noun	spa	cuchilla	noun	spa	0	1
atribuíble	adjective	spa	atribuible	adjective	spa	0	0.666667
liderazgo	noun	spa	liderato	noun	spa	0	1
arriendo	noun	spa	arrendamiento	noun	spa	0	1
conducto	noun	spa	encañado	noun	spa	0	0.933333
sólo	adverb	spa	tan sólo	adverb	spa	0	1
mozo	noun	spa	niño	noun	spa	0	0.533333
abocar	verb	spa	escanciar	verb	spa	0	0.84
logo	noun	spa	logotipo	noun	spa	0	0.84
perno	noun	spa	caracol	noun	spa	0	0.533333
a escape	adverb	spa	a todo gas	adverb	spa	0	0.746667
peleón	adjective	spa	pendenciero	adjective	spa	0	0.84
lucha	noun	spa	pugna	noun	spa	0	1
rodaja	noun	spa	tajada	noun	spa	0	0.84
holandés	adjective	spa	neerlandés	adjective	spa	0	0.84
necesariamente	adverb	spa	forzosamente	adverb	spa	0	0.746667
sujeto	noun	spa	asunto	noun	spa	0	1
derrochar	verb	spa	malgastar	verb	spa	0	0.84
juntamente	adverb	spa	juntas	adverb	spa	0	0.84
fidedigno	adjective	spa	confiable	adjective	spa	0	0.98
crianza	noun	spa	ganadería	noun	spa	0	0.84
zapato	noun	spa	zapata	noun	spa	0	1
dar la matraca	verb	spa	dar la lata	verb	spa	0	0.5
saxo	noun	spa	saxofón	noun	spa	0	0.7
en todas partes	adverb	spa	por doquier	adverb	spa	0	0.533333
aplastante	adjective	spa	agobiante	adjective	spa	0	0.98
auxiliar	noun	spa	ayudante	noun	spa	0	0.98
lucha	noun	spa	forcejeo	noun	spa	0	0.98
costado	noun	spa	aspecto	noun	spa	0	0.746667
seísmo	noun	spa	sismo	noun	spa	0	1
aumento	noun	spa	crecimiento	noun	spa	0	0.533333
culo	noun	spa	pompis	noun	spa	0	0.746667
colegiado	noun	spa	árbitro	noun	spa	0	0.98
afiliado	noun	spa	miembro	noun	spa	0	0.84
acopio	noun	spa	abasto	noun	spa	0	0.746667
recopilación	noun	spa	compilación	noun	spa	0	0.98
aviso	noun	spa	anuncio	noun	spa	0	0.533333
pantano	noun	spa	marisma	noun	spa	0	1
área	noun	spa	espacio	noun	spa	0	0.933333
muestra	noun	spa	espécimen	noun	spa	0	0.6
tiquete	noun	spa	billete	noun	spa	0	1
competición	noun	spa	certamen	noun	spa	0	0.533333
planteamiento	noun	spa	propuesta	noun	spa	0	0.98
reino	noun	spa	reinado	noun	spa	0	0.533333
retraso	noun	spa	retardo	noun	spa	0	0.98
chiquillo	noun	spa	muchacho	noun	spa	0	1
recto	adjective	spa	derecho	adjective	spa	0	1
guardia	noun	spa	guarda	noun	spa	0	0.653333
remanente	noun	spa	resto	noun	spa	0	0.84
proposición	noun	spa	propuesta	noun	spa	0	1
encuadrar	verb	spa	enmarcar	verb	spa	0	0.84
aleatorio	adjective	spa	casual	adjective	spa	0	0.84
labriego	noun	spa	campesino	noun	spa	0	0.98
prestamista	noun	spa	prestador	noun	spa	0	0.746667
tanto	adverb	spa	tan	adverb	spa	0	0.98
anciano	noun	spa	viejo	noun	spa	0	0.653333
excrecencia	noun	spa	excrescencia	noun	spa	0	0.98
oleaje	noun	spa	oleada	noun	spa	0	0.653333
párroco	noun	spa	rector	noun	spa	0	0.98
bailar	verb	spa	danzar	verb	spa	0	0.98
dar a la fuga	verb	spa	huir	verb	spa	0	0.746667
dulzura	noun	spa	dulzor	noun	spa	0	0.98
mezclar	verb	spa	mezclarse	verb	spa	0	0.533333
adónde	adverb	spa	adonde	adverb	spa	0	0.84
otorgar	verb	spa	entregar	verb	spa	0	0.746667
estafar	verb	spa	timar	verb	spa	0	0.84
friolera	noun	spa	bagatela	noun	spa	0	0.84
jaque	noun	spa	ajedrez	noun	spa	0	0.98
de ahora en adelante	adverb	spa	en adelante	adverb	spa	0	1
reclamar	verb	spa	exigir	verb	spa	0	0.84
keniata	adjective	spa	keniano	adjective	spa	0	0.746667
ideario	noun	spa	ideología	noun	spa	0	0.84
sencillo	adjective	spa	simple	adjective	spa	0	1
conducir	verb	spa	llevar	verb	spa	0	0.84
fundir	verb	spa	derretir	verb	spa	0	0.98
rebaja	noun	spa	reducción	noun	spa	0	1
gana	noun	spa	hambre	noun	spa	0	1
retrasar	verb	spa	atrasar	verb	spa	0	0.746667
temporal	noun	spa	tormenta	noun	spa	0	1
aciago	adjective	spa	infausto	adjective	spa	0	0.84
certamen	noun	spa	competición	noun	spa	0	0.533333
cacerola	noun	spa	cazuela	noun	spa	0	0.98
pronto	adjective	spa	rápido	adjective	spa	0	1
cambio	noun	spa	alteración	noun	spa	0	0.98
muñeca	noun	spa	muñeco	noun	spa	0	1
rascadura	noun	spa	arañazo	noun	spa	0	0.533333
lámina	noun	spa	cuchilla	noun	spa	0	0.746667
mil	numeral	spa	millar	numeral	spa	0	1
por adelantado	adverb	spa	por anticipado	adverb	spa	0	0.84
convenio	noun	spa	acuerdo	noun	spa	0	1
retraso	noun	spa	dilación	noun	spa	0	0.98
muchísimo	adverb	spa	muy	adverb	spa	0	0.533333
usualmente	adverb	spa	corrientemente	adverb	spa	0	0.533333
precedente	adjective	spa	delantero	adjective	spa	0	0.84
dieta	noun	spa	régimen	noun	spa	0	0.98
día	noun	spa	jornada	noun	spa	0	1
